test/loss_bbox,test/loss_ce,test/loss_giou,metrics/mAP50(B),metrics/mAP50-95(B),metrics/precision(B),metrics/recall(B)
0.09404232601324718,0.022277741246701527,0.3803110271692276,0.9053326577805731,0.5741337730359996,0.9402985074626866,0.875
