test/loss_bbox,test/loss_ce,test/loss_giou,metrics/mAP50(B),metrics/mAP50-95(B),metrics/precision(B),metrics/recall(B)
0.10201178242762883,0.03560270823072642,0.4053594370683034,0.9077864703660816,0.5913356753288078,0.8904109589041096,0.9027777777777778
