epoch,time,train/loss_bbox,train/loss_ce,train/loss_giou,metrics/mAP50(B),metrics/mAP50-95(B),metrics/precision(B),metrics/recall(B),val/loss_bbox,val/loss_ce,val/loss_giou,lr/pg0,lr/pg1
1,4.17404,2.02235,1.77602,1.58677,0.0105909,0.00416674,0.0105909,0.19,0.334383,1.36402,0.990141,0.0001,1e-05
2,7.65013,0.272327,1.08173,0.823231,0.0355374,0.0122905,0.0355374,0.26,0.147454,0.756442,0.552361,0.0001,1e-05
